Location,Date,Longitude (x),Latitude (y),Station Name,Climate ID,Year,Month,Day,Data Quality,Max Temp (°C),Max Temp Flag,Min Temp (°C),Min Temp Flag,Mean Temp (°C),Mean Temp Flag,Heat Deg Days (°C),Heat Deg Days Flag,Cool Deg Days (°C),Cool Deg Days Flag,Total Rain (mm),Total Rain Flag,Total Snow (cm),Total Snow Flag,Total Precip (mm),Total Precip Flag,Snow on Grnd (cm),Snow on Grnd Flag,Dir of Max Gust (10s deg),Dir of Max Gust Flag,Spd of Max Gust (km/h),Spd of Max Gust Flag
Margaree,2008-01-01,-60.05,46.17,SYDNEY A,8205700,2008,1,1,,-0.9,,-11.8,,-6.4,,24.4,,0,,0,,3.4,,3.4,,28,,29,E,48,E
Margaree,2008-01-02,-60.05,46.17,SYDNEY A,8205700,2008,1,2,,3.4,,-6.2,,-1.4,,19.4,,0,,1.4,,14.2,,15.6,,35,,11,E,74,E
Margaree,2008-01-03,-60.05,46.17,SYDNEY A,8205700,2008,1,3,,-6.1,,-9,,-7.6,,25.6,,0,,0,,0,T,0,T,38,,31,E,33,E
Margaree,2008-01-04,-60.05,46.17,SYDNEY A,8205700,2008,1,4,,-5,,-11.4,,-8.2,,26.2,,0,,0,,0,T,0,T,38,,23,E,39,E
Margaree,2008-01-05,-60.05,46.17,SYDNEY A,8205700,2008,1,5,,-1.9,,-10,,-6,,24,,0,,0,,0.6,,0.6,,38,,26,E,37,E
Margaree,2008-01-06,-60.05,46.17,SYDNEY A,8205700,2008,1,6,,0.7,,-6.1,,-2.7,,20.7,,0,,0,,0.2,,0.2,,38,,,,<31,
Margaree,2008-01-07,-60.05,46.17,SYDNEY A,8205700,2008,1,7,,5,,-1.2,,1.9,,16.1,,0,,0,,0,,0,,34,,21,E,32,E
Margaree,2008-01-08,-60.05,46.17,SYDNEY A,8205700,2008,1,8,,7.3,,1.4,,4.4,,13.6,,0,,0.8,,0,,0.8,,24,,,,<31,
Margaree,2008-01-09,-60.05,46.17,SYDNEY A,8205700,2008,1,9,,8.6,,1.4,,5,,13,,0,,0.6,,0,,0.6,,12,,21,E,52,E
Margaree,2008-01-10,-60.05,46.17,SYDNEY A,8205700,2008,1,10,,6.6,,1.2,,3.9,,14.1,,0,,0,,0,,0,,12,,26,E,54,E
Margaree,2008-01-11,-60.05,46.17,SYDNEY A,8205700,2008,1,11,,1.3,,-1.4,,-0.1,,18.1,,0,,2.8,,0,,2.8,,6,,15,E,39,E
Margaree,2008-01-12,-60.05,46.17,SYDNEY A,8205700,2008,1,12,,8,,0.7,,4.4,,13.6,,0,,10.2,,0,,10.2,,3,,2,E,33,E
Margaree,2008-01-13,-60.05,46.17,SYDNEY A,8205700,2008,1,13,,1.3,,-4.8,,-1.8,,19.8,,0,,0,,0,,0,,1,,,,<31,
Margaree,2008-01-14,-60.05,46.17,SYDNEY A,8205700,2008,1,14,,-0.9,,-5.7,,-3.3,,21.3,,0,,0,,8,,8,,1,,9,E,41,E
Margaree,2008-01-15,-60.05,46.17,SYDNEY A,8205700,2008,1,15,,1.2,,-1.5,,-0.2,,18.2,,0,,2.2,,1,,3.2,,7,,10,E,41,E
Margaree,2008-01-16,-60.05,46.17,SYDNEY A,8205700,2008,1,16,,-0.1,,-2.7,,-1.4,,19.4,,0,,0.2,,2,,2.2,,5,,2,E,54,E
Margaree,2008-01-17,-60.05,46.17,SYDNEY A,8205700,2008,1,17,,-2.2,,-12.8,,-7.5,,25.5,,0,,0,,1.2,,0.6,,7,,35,E,54,E
Margaree,2008-01-18,-60.05,46.17,SYDNEY A,8205700,2008,1,18,,4.7,,-13.7,,-4.5,,22.5,,0,,7.8,,0,T,7.8,,7,,16,E,69,E
Margaree,2008-01-19,-60.05,46.17,SYDNEY A,8205700,2008,1,19,,1.5,,-5.8,,-2.2,,20.2,,0,,0,,0,,0,,3,,27,E,46,E
Margaree,2008-01-20,-60.05,46.17,SYDNEY A,8205700,2008,1,20,,-2.3,,-12.1,,-7.2,,25.2,,0,,0,,5.2,,5.2,,1,,34,E,48,E
Margaree,2008-01-21,-60.05,46.17,SYDNEY A,8205700,2008,1,21,,-12.1,,-17.7,,-14.9,,32.9,,0,,0,,0,T,0,T,5,,27,E,52,E
Margaree,2008-01-22,-60.05,46.17,SYDNEY A,8205700,2008,1,22,,1.6,,-16.2,,-7.3,,25.3,,0,,0,T,8.4,,8.4,,5,,17,E,54,E
Margaree,2008-01-23,-60.05,46.17,SYDNEY A,8205700,2008,1,23,,2.7,,-9.5,,-3.4,,21.4,,0,,2.8,,0,T,2.8,,8,,20,E,41,E
Margaree,2008-01-24,-60.05,46.17,SYDNEY A,8205700,2008,1,24,,-4.8,,-15,,-9.9,,27.9,,0,,0,,0.8,,0.8,,7,,,,<31,
Margaree,2008-01-25,-60.05,46.17,SYDNEY A,8205700,2008,1,25,,-7.7,,-14.2,,-11,,29,,0,,0,,0,T,0,T,7,,34,E,39,E
Margaree,2008-01-26,-60.05,46.17,SYDNEY A,8205700,2008,1,26,,-10.2,,-18.8,,-14.5,,32.5,,0,,0,,0,T,0,T,7,,30,E,32,E
Margaree,2008-01-27,-60.05,46.17,SYDNEY A,8205700,2008,1,27,,-4.8,,-19.7,,-12.3,,30.3,,0,,0,,0,T,0,T,7,,,,<31,
Margaree,2008-01-28,-60.05,46.17,SYDNEY A,8205700,2008,1,28,,3.6,,-4.8,,-0.6,,18.6,,0,,66.2,,9,,75.2,,7,,9,E,61,E
Margaree,2008-01-29,-60.05,46.17,SYDNEY A,8205700,2008,1,29,,5,,-0.4,,2.3,,15.7,,0,,0,T,0,,0,T,3,,,,<31,
Margaree,2008-01-30,-60.05,46.17,SYDNEY A,8205700,2008,1,30,,7.4,,-0.1,,3.7,,14.3,,0,,3,,0,,3,,2,,20,E,50,E
Margaree,2008-01-31,-60.05,46.17,SYDNEY A,8205700,2008,1,31,,6.3,,-5,,0.7,,17.3,,0,,0,,0,,0,,0,T,26,E,50,E
Margaree,2008-02-01,-60.05,46.17,SYDNEY A,8205700,2008,2,1,,-2.5,,-6.5,,-4.5,,22.5,,0,,0,,0,,0,,0,T,,,<31,
Margaree,2008-02-02,-60.05,46.17,SYDNEY A,8205700,2008,2,2,,6.4,,-4.1,,1.2,,16.8,,0,,14,,0,T,14,,0,T,27,E,76,E
Margaree,2008-02-03,-60.05,46.17,SYDNEY A,8205700,2008,2,3,,-3.5,,-6.4,,-5,,23,,0,,0,,0.8,,0.8,,0,T,29,E,46,E
Margaree,2008-02-04,-60.05,46.17,SYDNEY A,8205700,2008,2,4,,-3.9,,-7,,-5.5,,23.5,,0,,0,,0.6,,0.6,,1,,32,E,39,E
Margaree,2008-02-05,-60.05,46.17,SYDNEY A,8205700,2008,2,5,,-1.7,,-4.9,,-3.3,,21.3,,0,,0,,8,,8,,0,T,,,<31,
Margaree,2008-02-06,-60.05,46.17,SYDNEY A,8205700,2008,2,6,,0.5,,-2.5,,-1,,19,,0,,0,,3.8,,3.8,,10,,13,E,33,E
Margaree,2008-02-07,-60.05,46.17,SYDNEY A,8205700,2008,2,7,,-2.2,,-5.2,,-3.7,,21.7,,0,,0,,0.2,,0.2,,7,,18,E,44,E
Margaree,2008-02-08,-60.05,46.17,SYDNEY A,8205700,2008,2,8,,-2.2,,-7.3,,-4.8,,22.8,,0,,0,,2.6,,2.6,,7,,,,<31,
Margaree,2008-02-09,-60.05,46.17,SYDNEY A,8205700,2008,2,9,,0.1,,-10.7,,-5.3,,23.3,,0,,0,,0,,0,,9,,,,<31,
Margaree,2008-02-10,-60.05,46.17,SYDNEY A,8205700,2008,2,10,,-0.8,,-8.9,,-4.9,,22.9,,0,,0,,14.2,,14.2,,8,,10,E,67,E
Margaree,2008-02-11,-60.05,46.17,SYDNEY A,8205700,2008,2,11,,-0.2,,-7.1,,-3.7,,21.7,,0,,0,,13,,13,,26,,19,E,72,E
Margaree,2008-02-12,-60.05,46.17,SYDNEY A,8205700,2008,2,12,,-3,,-9.4,,-6.2,,24.2,,0,,0,,0.4,,0.4,,26,,28,E,46,E
Margaree,2008-02-13,-60.05,46.17,SYDNEY A,8205700,2008,2,13,,5.2,,-15.1,,-5,,23,,0,,9.2,,11.2,,20.4,,26,,16,E,63,E
Margaree,2008-02-14,-60.05,46.17,SYDNEY A,8205700,2008,2,14,,9.2,,-4.2,,2.5,,15.5,,0,,17.8,,0,,17.8,,15,,18,E,74,E
Margaree,2008-02-15,-60.05,46.17,SYDNEY A,8205700,2008,2,15,,1.1,,-5.1,,-2,,20,,0,,0,,0.8,,0.8,,10,,26,E,39,E
Margaree,2008-02-16,-60.05,46.17,SYDNEY A,8205700,2008,2,16,,-0.9,,-16.5,,-8.7,,26.7,,0,,0,,0,T,0,T,10,,31,E,48,E
Margaree,2008-02-17,-60.05,46.17,SYDNEY A,8205700,2008,2,17,,-3.6,,-17.1,,-10.4,,28.4,,0,,0,,0,T,0,T,10,,26,E,32,E
Margaree,2008-02-18,-60.05,46.17,SYDNEY A,8205700,2008,2,18,,9.7,,-3.6,,3.1,,14.9,,0,,24.6,,4.4,,29,,9,,20,E,65,E
Margaree,2008-02-19,-60.05,46.17,SYDNEY A,8205700,2008,2,19,,10.6,,-1.5,,4.6,,13.4,,0,,7.4,,0,,7.4,,0,T,20,E,72,E
Margaree,2008-02-20,-60.05,46.17,SYDNEY A,8205700,2008,2,20,,0.4,,-6.4,,-3,,21,,0,,0,,0,T,0,T,0,T,25,E,63,E
Margaree,2008-02-21,-60.05,46.17,SYDNEY A,8205700,2008,2,21,,-6,,-13.3,,-9.7,,27.7,,0,,0,,0,T,0,T,0,T,27,E,37,E
Margaree,2008-02-22,-60.05,46.17,SYDNEY A,8205700,2008,2,22,,-5.5,,-13.2,,-9.4,,27.4,,0,,0,,0,T,0,T,0,T,27,E,35,E
Margaree,2008-02-23,-60.05,46.17,SYDNEY A,8205700,2008,2,23,,-3.8,,-11.4,,-7.6,,25.6,,0,,0,,12.2,,12.2,,12,,1,E,37,E
Margaree,2008-02-24,-60.05,46.17,SYDNEY A,8205700,2008,2,24,,-1.4,,-15.2,,-8.3,,26.3,,0,,0,,0,,0,,12,,,,<31,
Margaree,2008-02-25,-60.05,46.17,SYDNEY A,8205700,2008,2,25,,3.5,,-9.7,,-3.1,,21.1,,0,,0,,0,,0,,11,,24,E,32,E
Margaree,2008-02-26,-60.05,46.17,SYDNEY A,8205700,2008,2,26,,4.8,,-3.6,,0.6,,17.4,,0,,0,,0,,0,,6,,,,<31,
Margaree,2008-02-27,-60.05,46.17,SYDNEY A,8205700,2008,2,27,,6.3,,-2.1,,2.1,,15.9,,0,,4.2,,4.6,,8.8,,6,,14,E,59,E
Margaree,2008-02-28,-60.05,46.17,SYDNEY A,8205700,2008,2,28,,0.9,,-11.1,,-5.1,,23.1,,0,,0,,1.4,,1.4,,4,,,,<31,
Margaree,2008-02-29,-60.05,46.17,SYDNEY A,8205700,2008,2,29,,-9.8,,-18.2,,-14,,32,,0,,0,,0,T,0,T,5,,31,E,32,E
Margaree,2008-03-01,-60.05,46.17,SYDNEY A,8205700,2008,3,1,,0.1,,-18.8,,-9.4,,27.4,,0,,2,,8.4,,10.4,,5,,12,E,57,E
Margaree,2008-03-02,-60.05,46.17,SYDNEY A,8205700,2008,3,2,,2.6,,-6.6,,-2,,20,,0,,10.2,,0.4,,10.6,,12,,20,E,69,E
Margaree,2008-03-03,-60.05,46.17,SYDNEY A,8205700,2008,3,3,,-3.8,,-8.2,,-6,,24,,0,,0.3,,0,T,0.3,,10,,30,E,59,E
Margaree,2008-03-04,-60.05,46.17,SYDNEY A,8205700,2008,3,4,,10.2,,-5.2,,2.5,,15.5,,0,,0,T,0,,0,T,10,,27,E,56,E
Margaree,2008-03-05,-60.05,46.17,SYDNEY A,8205700,2008,3,5,,9.7,,-7.1,,1.3,,16.7,,0,,21,,1,,22,,2,,18,E,63,E
Margaree,2008-03-06,-60.05,46.17,SYDNEY A,8205700,2008,3,6,,8,,-6.5,,0.8,,17.2,,0,,1.6,,0,,1.6,,0,T,20,E,57,E
Margaree,2008-03-07,-60.05,46.17,SYDNEY A,8205700,2008,3,7,,3.6,,-6.9,,-1.7,,19.7,,0,,0,,0,,0,,0,T,,,<31,
Margaree,2008-03-08,-60.05,46.17,SYDNEY A,8205700,2008,3,8,,12.2,,-1.1,,5.6,,12.4,,0,,25.4,,0,,25.4,,0,T,21,E,52,E
Margaree,2008-03-09,-60.05,46.17,SYDNEY A,8205700,2008,3,9,,9.5,,-7.8,,0.9,,17.1,,0,,11.6,,0,,11.6,,0,T,24,E,67,E
Margaree,2008-03-10,-60.05,46.17,SYDNEY A,8205700,2008,3,10,,-4.5,,-9.4,,-7,,25,,0,,0,,0,,0,,0,T,31,E,37,E
Margaree,2008-03-11,-60.05,46.17,SYDNEY A,8205700,2008,3,11,,0.4,,-11.2,,-5.4,,23.4,,0,,0,,0,,0,,0,T,26,E,33,E
Margaree,2008-03-12,-60.05,46.17,SYDNEY A,8205700,2008,3,12,,1.6,,-8.5,,-3.5,,21.5,,0,,0,,3.8,,3.8,,0,T,22,E,41,E
Margaree,2008-03-13,-60.05,46.17,SYDNEY A,8205700,2008,3,13,,-0.7,,-9.7,,-5.2,,23.2,,0,,0,,4.3,,4.3,,6,,33,E,72,E
Margaree,2008-03-14,-60.05,46.17,SYDNEY A,8205700,2008,3,14,,-3.9,,-13.7,,-8.8,,26.8,,0,,0,,0,,0,,5,,,,<31,
Margaree,2008-03-15,-60.05,46.17,SYDNEY A,8205700,2008,3,15,,-4.1,,-14.8,,-9.5,,27.5,,0,,0,,0.4,,0.4,,5,,,,<31,
Margaree,2008-03-16,-60.05,46.17,SYDNEY A,8205700,2008,3,16,,-1.6,,-5.4,,-3.5,,21.5,,0,,0,,0,,0,,4,,1,E,33,E
Margaree,2008-03-17,-60.05,46.17,SYDNEY A,8205700,2008,3,17,,-2.6,,-5.8,,-4.2,,22.2,,0,,0,,1.4,,1.4,,2,,36,E,91,E
Margaree,2008-03-18,-60.05,46.17,SYDNEY A,8205700,2008,3,18,,-4.4,,-6.9,,-5.7,,23.7,,0,,0,,3.1,,3.1,,5,,36,E,85,E
Margaree,2008-03-19,-60.05,46.17,SYDNEY A,8205700,2008,3,19,,-1.6,,-5,,-3.3,,21.3,,0,,0,,0,T,0,T,3,,35,E,69,E
Margaree,2008-03-20,-60.05,46.17,SYDNEY A,8205700,2008,3,20,,3.6,,-3.4,,0.1,,17.9,,0,,19.2,,0,,19.2,,3,,13,E,46,E
Margaree,2008-03-21,-60.05,46.17,SYDNEY A,8205700,2008,3,21,,4.6,,-3.1,,0.8,,17.2,,0,,3.4,,0,T,3.4,,0,T,20,E,48,E
Margaree,2008-03-22,-60.05,46.17,SYDNEY A,8205700,2008,3,22,,-2.1,,-7.1,,-4.6,,22.6,,0,,0,,0.6,,0.6,,0,T,24,E,37,E
Margaree,2008-03-23,-60.05,46.17,SYDNEY A,8205700,2008,3,23,,-2.6,,-7.5,,-5.1,,23.1,,0,,0,,0.4,,0.4,,1,,24,E,57,E
Margaree,2008-03-24,-60.05,46.17,SYDNEY A,8205700,2008,3,24,,-1,,-9.6,,-5.3,,23.3,,0,,0,,0,,0,,0,T,27,E,37,E
Margaree,2008-03-25,-60.05,46.17,SYDNEY A,8205700,2008,3,25,,-3,,-13.8,,-8.4,,26.4,,0,,0,,0,,0,,0,T,35,E,50,E
Margaree,2008-03-26,-60.05,46.17,SYDNEY A,8205700,2008,3,26,,0.3,,-14.4,,-7.1,,25.1,,0,,0,,6,,6,,0,T,19,E,41,E
Margaree,2008-03-27,-60.05,46.17,SYDNEY A,8205700,2008,3,27,,1.3,,-5,,-1.9,,19.9,,0,,0,,0,,0,,6,,28,E,48,E
Margaree,2008-03-28,-60.05,46.17,SYDNEY A,8205700,2008,3,28,,2.4,,-3.4,,-0.5,,18.5,,0,,0,,4.4,,4.4,,4,,,,<31,
Margaree,2008-03-29,-60.05,46.17,SYDNEY A,8205700,2008,3,29,,-1.6,,-9.7,,-5.7,,23.7,,0,,0,,0.8,,0.8,,5,,35,E,33,E
Margaree,2008-03-30,-60.05,46.17,SYDNEY A,8205700,2008,3,30,,-1.5,,-10.3,,-5.9,,23.9,,0,,0,,0.2,,0.2,,5,,35,E,54,E
Margaree,2008-03-31,-60.05,46.17,SYDNEY A,8205700,2008,3,31,,2.9,,-8.5,,-2.8,,20.8,,0,,0,,0,,0,,2,,,,<31,
Margaree,2008-04-01,-60.05,46.17,SYDNEY A,8205700,2008,4,1,,0.6,,-1.3,,-0.4,,18.4,,0,,3.4,,8.2,,11.6,,1,,,,<31,
Margaree,2008-04-02,-60.05,46.17,SYDNEY A,8205700,2008,4,2,,10.2,,-2.4,,3.9,,14.1,,0,,0.8,,0,T,0.8,,2,,26,E,63,E
Margaree,2008-04-03,-60.05,46.17,SYDNEY A,8205700,2008,4,3,,2.2,,-5,,-1.4,,19.4,,0,,0,,1.4,,1.4,,0,T,28,E,78,E
Margaree,2008-04-04,-60.05,46.17,SYDNEY A,8205700,2008,4,4,,9.2,,-1.4,,3.9,,14.1,,0,,0,,0,,0,,0,T,28,E,48,E
Margaree,2008-04-05,-60.05,46.17,SYDNEY A,8205700,2008,4,5,,1.6,,-0.7,,0.5,,17.5,,0,,1.2,,7.8,,9,,0,T,1,E,37,E
Margaree,2008-04-06,-60.05,46.17,SYDNEY A,8205700,2008,4,6,,3.4,,-3.9,,-0.3,,18.3,,0,,0,,0,,0,,2,,,,<31,
Margaree,2008-04-07,-60.05,46.17,SYDNEY A,8205700,2008,4,7,,7.3,,-3.2,,2.1,,15.9,,0,,0,,0,,0,,0,T,36,E,33,E
Margaree,2008-04-08,-60.05,46.17,SYDNEY A,8205700,2008,4,8,,3.9,,0,,2,,16,,0,,1.4,,0,,1.4,,0,T,,,<31,
Margaree,2008-04-09,-60.05,46.17,SYDNEY A,8205700,2008,4,9,,10.7,,-0.5,,5.1,,12.9,,0,,0,T,0,,0,T,0,T,,,<31,
Margaree,2008-04-10,-60.05,46.17,SYDNEY A,8205700,2008,4,10,,15.3,,-1.4,,7,,11,,0,,1.4,,0,,1.4,,0,T,20,E,44,E
Margaree,2008-04-11,-60.05,46.17,SYDNEY A,8205700,2008,4,11,,7.8,,-0.5,,3.7,,14.3,,0,,0,,0,,0,,0,T,31,E,35,E
Margaree,2008-04-12,-60.05,46.17,SYDNEY A,8205700,2008,4,12,,7.2,,-0.7,,3.3,,14.7,,0,,1.2,,1.2,,2.4,,0,T,,,<31,
Margaree,2008-04-13,-60.05,46.17,SYDNEY A,8205700,2008,4,13,,4.8,,-1.1,,1.9,,16.1,,0,,0.4,,0,,0.4,,0,T,,,<31,
Margaree,2008-04-14,-60.05,46.17,SYDNEY A,8205700,2008,4,14,,4.5,,-1.3,,1.6,,16.4,,0,,0,,0,,0,,0,,28,E,54,E
Margaree,2008-04-15,-60.05,46.17,SYDNEY A,8205700,2008,4,15,,7.8,,-2.9,,2.5,,15.5,,0,,0,,0,,0,,0,,28,E,41,E
Margaree,2008-04-16,-60.05,46.17,SYDNEY A,8205700,2008,4,16,,12.8,,-4.1,,4.4,,13.6,,0,,0,,0,,0,,0,,23,E,33,E
Margaree,2008-04-17,-60.05,46.17,SYDNEY A,8205700,2008,4,17,,17.7,,-0.5,,8.6,,9.4,,0,,0,,0,,0,,0,,24,E,39,E
Margaree,2008-04-18,-60.05,46.17,SYDNEY A,8205700,2008,4,18,,9.3,,2,,5.7,,12.3,,0,,6.6,,0,,6.6,,0,,35,E,33,E
Margaree,2008-04-19,-60.05,46.17,SYDNEY A,8205700,2008,4,19,,5.2,,-1.4,,1.9,,16.1,,0,,0,,0,,0,,0,,35,E,39,E
Margaree,2008-04-20,-60.05,46.17,SYDNEY A,8205700,2008,4,20,,10.4,,-2.8,,3.8,,14.2,,0,,0,,0,,0,,0,,,,<31,
Margaree,2008-04-21,-60.05,46.17,SYDNEY A,8205700,2008,4,21,,11.9,,0.4,,6.2,,11.8,,0,,0,,0,,0,,0,,,,<31,
Margaree,2008-04-22,-60.05,46.17,SYDNEY A,8205700,2008,4,22,,15,,-3.1,,6,,12,,0,,0,,0,,0,,0,,,,<31,
Margaree,2008-04-23,-60.05,46.17,SYDNEY A,8205700,2008,4,23,,9.6,,-4,,2.8,,15.2,,0,,0,,0,,0,,0,,,,<31,
Margaree,2008-04-24,-60.05,46.17,SYDNEY A,8205700,2008,4,24,,5.9,,-4.3,,0.8,,17.2,,0,,0,,0,,0,,0,,,,<31,
Margaree,2008-04-25,-60.05,46.17,SYDNEY A,8205700,2008,4,25,,1.9,,0.1,,1,,17,,0,,3,,3.6,,6.6,,0,,5,E,35,E
Margaree,2008-04-26,-60.05,46.17,SYDNEY A,8205700,2008,4,26,,2.5,,0.3,,1.4,,16.6,,0,,4.6,,1.8,,6.4,,0,T,5,E,35,E
Margaree,2008-04-27,-60.05,46.17,SYDNEY A,8205700,2008,4,27,,4.8,,0.2,,2.5,,15.5,,0,,0.2,,0,,0.2,,0,,36,E,37,E
Margaree,2008-04-28,-60.05,46.17,SYDNEY A,8205700,2008,4,28,,6,,2.3,,4.2,,13.8,,0,,3,,0,,3,,0,,,,<31,
Margaree,2008-04-29,-60.05,46.17,SYDNEY A,8205700,2008,4,29,,5.4,,2.1,,3.8,,14.2,,0,,1.8,,0,,1.8,,0,,,,<31,
Margaree,2008-04-30,-60.05,46.17,SYDNEY A,8205700,2008,4,30,,4.3,,1.9,,3.1,,14.9,,0,,3.4,,0,,3.4,,0,,12,E,33,E
Margaree,2008-05-01,-60.05,46.17,SYDNEY A,8205700,2008,5,1,,3.3,,1.7,,2.5,,15.5,,0,,16,,0,,16,,0,,10,E,35,E
Margaree,2008-05-02,-60.05,46.17,SYDNEY A,8205700,2008,5,2,,4.3,,-1,,1.7,,16.3,,0,,7.4,,0,,7.4,,0,,,,<31,
Margaree,2008-05-03,-60.05,46.17,SYDNEY A,8205700,2008,5,3,,10,,-1.8,,4.1,,13.9,,0,,0,,0,,0,,0,,,,<31,
Margaree,2008-05-04,-60.05,46.17,SYDNEY A,8205700,2008,5,4,,13.7,,-1.4,,6.2,,11.8,,0,,0,,0,,0,,0,,,,<31,
Margaree,2008-05-05,-60.05,46.17,SYDNEY A,8205700,2008,5,5,,18.5,,-1.2,,8.7,,9.3,,0,,0,,0,,0,,0,,,,<31,
Margaree,2008-05-06,-60.05,46.17,SYDNEY A,8205700,2008,5,6,,15.1,,4.1,,9.6,,8.4,,0,,0,T,0,,0,T,0,,,,<31,
Margaree,2008-05-07,-60.05,46.17,SYDNEY A,8205700,2008,5,7,,13.2,,1.5,,7.4,,10.6,,0,,0,,0,,0,,0,,,,<31,
Margaree,2008-05-08,-60.05,46.17,SYDNEY A,8205700,2008,5,8,,17,,2.3,,9.7,,8.3,,0,,12.4,,0,,12.4,,0,,,,<31,
Margaree,2008-05-09,-60.05,46.17,SYDNEY A,8205700,2008,5,9,,4.2,,2.7,,3.5,,14.5,,0,,1.8,,0,,1.8,,0,,,,<31,
Margaree,2008-05-10,-60.05,46.17,SYDNEY A,8205700,2008,5,10,,7.2,,2.3,,4.8,,13.2,,0,,1.4,,0,,1.4,,0,,4,E,44,E
Margaree,2008-05-11,-60.05,46.17,SYDNEY A,8205700,2008,5,11,,2.5,,0.1,,1.3,,16.7,,0,,21.6,,7.6,,29.2,,0,,3,E,72,E
Margaree,2008-05-12,-60.05,46.17,SYDNEY A,8205700,2008,5,12,,4,,1.8,,2.9,,15.1,,0,,0,T,0,,0,T,0,T,2,E,57,E
Margaree,2008-05-13,-60.05,46.17,SYDNEY A,8205700,2008,5,13,,6.2,,1.7,,4,,14,,0,,0,,0,,0,,0,,36,E,50,E
Margaree,2008-05-14,-60.05,46.17,SYDNEY A,8205700,2008,5,14,,7,,2.6,,4.8,,13.2,,0,,0,,0,,0,,0,,3,E,44,E
Margaree,2008-05-15,-60.05,46.17,SYDNEY A,8205700,2008,5,15,,4.4,,2.6,,3.5,,14.5,,0,,18.4,,0,,18.4,,0,,3,E,32,E
Margaree,2008-05-16,-60.05,46.17,SYDNEY A,8205700,2008,5,16,,8.4,,2.9,,5.7,,12.3,,0,,1.2,,0,,1.2,,0,,,,<31,
Margaree,2008-05-17,-60.05,46.17,SYDNEY A,8205700,2008,5,17,,7.4,,1.3,,4.4,,13.6,,0,,17.2,,0,,17.2,,0,,4,E,33,E
Margaree,2008-05-18,-60.05,46.17,SYDNEY A,8205700,2008,5,18,,17.3,,3.3,,10.3,,7.7,,0,,0,,0,,0,,0,,25,E,50,E
Margaree,2008-05-19,-60.05,46.17,SYDNEY A,8205700,2008,5,19,,14.5,,3.4,,9,,9,,0,,13,,0,,13,,0,,18,E,50,E
Margaree,2008-05-20,-60.05,46.17,SYDNEY A,8205700,2008,5,20,,15.3,,2.7,,9,,9,,0,,0.4,,0,,0.4,,0,,25,E,48,E
Margaree,2008-05-21,-60.05,46.17,SYDNEY A,8205700,2008,5,21,,9.4,,2.6,,6,,12,,0,,14.2,,0,,14.2,,0,,27,E,48,E
Margaree,2008-05-22,-60.05,46.17,SYDNEY A,8205700,2008,5,22,,18,,6.1,,12.1,,5.9,,0,,0,,0,,0,,0,,24,E,46,E
Margaree,2008-05-23,-60.05,46.17,SYDNEY A,8205700,2008,5,23,,7.2,,3.5,,5.4,,12.6,,0,,26.8,,0,,26.8,,0,,8,E,39,E
Margaree,2008-05-24,-60.05,46.17,SYDNEY A,8205700,2008,5,24,,8.5,,2.3,,5.4,,12.6,,0,,0.2,,0,,0.2,,0,,,,<31,
Margaree,2008-05-25,-60.05,46.17,SYDNEY A,8205700,2008,5,25,,13,,4.1,,8.6,,9.4,,0,,0,,0,,0,,0,,,,<31,
Margaree,2008-05-26,-60.05,46.17,SYDNEY A,8205700,2008,5,26,,20.4,,3.7,,12.1,,5.9,,0,,0,,0,,0,,0,,22,E,65,E
Margaree,2008-05-27,-60.05,46.17,SYDNEY A,8205700,2008,5,27,,15.6,,8.4,,12,,6,,0,,3.6,,0,,3.6,,0,,21,E,61,E
Margaree,2008-05-28,-60.05,46.17,SYDNEY A,8205700,2008,5,28,,12,,3.8,,7.9,,10.1,,0,,5.6,,0,,5.6,,0,,28,E,48,E
Margaree,2008-05-29,-60.05,46.17,SYDNEY A,8205700,2008,5,29,,18,,3.3,,10.7,,7.3,,0,,0.8,,0,,0.8,,0,,20,E,56,E
Margaree,2008-05-30,-60.05,46.17,SYDNEY A,8205700,2008,5,30,,15.4,,5,,10.2,,7.8,,0,,0,,0,,0,,0,,29,E,44,E
Margaree,2008-05-31,-60.05,46.17,SYDNEY A,8205700,2008,5,31,,20,,4.6,,12.3,,5.7,,0,,1.2,,0,,1.2,,0,,23,E,33,E
Margaree,2008-06-01,-60.05,46.17,SYDNEY A,8205700,2008,6,1,,14.1,,6.9,,10.5,,7.5,,0,,15.4,,0,,15.4,,0,,19,E,50,E
Margaree,2008-06-02,-60.05,46.17,SYDNEY A,8205700,2008,6,2,,22,,8,,15,,3,,0,,2,,0,,2,,0,,19,E,33,E
Margaree,2008-06-03,-60.05,46.17,SYDNEY A,8205700,2008,6,3,,22.4,,8.1,,15.3,,2.7,,0,,0,,0,,0,,0,,19,E,39,E
Margaree,2008-06-04,-60.05,46.17,SYDNEY A,8205700,2008,6,4,,19.6,,8.9,,14.3,,3.7,,0,,0.2,,0,,0.2,,0,,,,<31,
Margaree,2008-06-05,-60.05,46.17,SYDNEY A,8205700,2008,6,5,,14.1,,6.4,,10.3,,7.7,,0,,0.2,,0,,0.2,,0,,,,<31,
Margaree,2008-06-06,-60.05,46.17,SYDNEY A,8205700,2008,6,6,,15.2,,6.9,,11.1,,6.9,,0,,0,,0,,0,,0,,,,<31,
Margaree,2008-06-07,-60.05,46.17,SYDNEY A,8205700,2008,6,7,,15.7,,7,,11.4,,6.6,,0,,2.2,,0,,2.2,,0,,,,<31,
Margaree,2008-06-08,-60.05,46.17,SYDNEY A,8205700,2008,6,8,,11.1,,6.8,,9,,9,,0,,4.6,,0,,4.6,,0,,19,E,35,E
Margaree,2008-06-09,-60.05,46.17,SYDNEY A,8205700,2008,6,9,,16.6,,6.2,,11.4,,6.6,,0,,1.4,,0,,1.4,,0,,,,<31,
Margaree,2008-06-10,-60.05,46.17,SYDNEY A,8205700,2008,6,10,,15.7,,6.2,,11,,7,,0,,0,T,0,,0,T,0,,,,<31,
Margaree,2008-06-11,-60.05,46.17,SYDNEY A,8205700,2008,6,11,,18.3,,6.6,,12.5,,5.5,,0,,0,T,0,,0,T,0,,20,E,37,E
Margaree,2008-06-12,-60.05,46.17,SYDNEY A,8205700,2008,6,12,,19.6,,8.8,,14.2,,3.8,,0,,0,T,0,,0,T,0,,32,E,44,E
Margaree,2008-06-13,-60.05,46.17,SYDNEY A,8205700,2008,6,13,,11.6,,7.3,,9.5,,8.5,,0,,5.8,,0,,5.8,,0,,33,E,67,E
Margaree,2008-06-14,-60.05,46.17,SYDNEY A,8205700,2008,6,14,,10.8,,6.8,,8.8,,9.2,,0,,3.8,,0,,3.8,,0,,35,E,57,E
Margaree,2008-06-15,-60.05,46.17,SYDNEY A,8205700,2008,6,15,,12.3,,7,,9.7,,8.3,,0,,5,,0,,5,,0,,,,<31,
Margaree,2008-06-16,-60.05,46.17,SYDNEY A,8205700,2008,6,16,,16.8,,6.8,,11.8,,6.2,,0,,0,,0,,0,,0,,,,<31,
Margaree,2008-06-17,-60.05,46.17,SYDNEY A,8205700,2008,6,17,,17.8,,8.3,,13.1,,4.9,,0,,0,,0,,0,,0,,,,<31,
Margaree,2008-06-18,-60.05,46.17,SYDNEY A,8205700,2008,6,18,,16.9,,7.8,,12.4,,5.6,,0,,4.2,,0,,4.2,,0,,,,<31,
Margaree,2008-06-19,-60.05,46.17,SYDNEY A,8205700,2008,6,19,,10.8,,8,,9.4,,8.6,,0,,20.8,,0,,20.8,,0,,,,<31,
Margaree,2008-06-20,-60.05,46.17,SYDNEY A,8205700,2008,6,20,,13.6,,8.4,,11,,7,,0,,0,T,0,,0,T,0,,,,<31,
Margaree,2008-06-21,-60.05,46.17,SYDNEY A,8205700,2008,6,21,,23.2,,10,,16.6,,1.4,,0,,0,T,0,,0,T,0,,,,<31,
Margaree,2008-06-22,-60.05,46.17,SYDNEY A,8205700,2008,6,22,,24.9,,10.7,,17.8,,0.2,,0,,0,,0,,0,,0,,,,<31,
Margaree,2008-06-23,-60.05,46.17,SYDNEY A,8205700,2008,6,23,,26.4,,12.6,,19.5,,0,,1.5,,0,,0,,0,,0,,21,E,32,E
Margaree,2008-06-24,-60.05,46.17,SYDNEY A,8205700,2008,6,24,,25.3,,14.2,,19.8,,0,,1.8,,1.6,,0,,1.6,,0,,22,E,33,E
Margaree,2008-06-25,-60.05,46.17,SYDNEY A,8205700,2008,6,25,,22.9,,10.6,,16.8,,1.2,,0,,0,T,0,,0,T,0,,28,E,46,E
Margaree,2008-06-26,-60.05,46.17,SYDNEY A,8205700,2008,6,26,,25.5,,11.3,,18.4,,0,,0.4,,6,,0,,6,,0,,23,E,44,E
Margaree,2008-06-27,-60.05,46.17,SYDNEY A,8205700,2008,6,27,,13.8,,10.5,,12.2,,5.8,,0,,3.4,,0,,3.4,,0,,,,<31,
Margaree,2008-06-28,-60.05,46.17,SYDNEY A,8205700,2008,6,28,,15.2,,10.5,,12.9,,5.1,,0,,0,T,0,,0,T,0,,,,<31,
Margaree,2008-06-29,-60.05,46.17,SYDNEY A,8205700,2008,6,29,,12.1,,10.1,,11.1,,6.9,,0,,10,,0,,10,,0,,13,E,39,E
Margaree,2008-06-30,-60.05,46.17,SYDNEY A,8205700,2008,6,30,,21.5,,10.6,,16.1,,1.9,,0,,1.6,,0,,1.6,,0,,22,E,33,E
Margaree,2008-07-01,-60.05,46.17,SYDNEY A,8205700,2008,7,1,,27,,16.2,,21.6,,0,,3.6,,0,T,0,,0,T,0,,26,E,37,E
Margaree,2008-07-02,-60.05,46.17,SYDNEY A,8205700,2008,7,2,,28.6,,16,,22.3,,0,,4.3,,0,,0,,0,,0,,21,E,37,E
Margaree,2008-07-03,-60.05,46.17,SYDNEY A,8205700,2008,7,3,,26.2,,15.1,,20.7,,0,,2.7,,0,T,0,,0,T,0,,21,E,39,E
Margaree,2008-07-04,-60.05,46.17,SYDNEY A,8205700,2008,7,4,,24.7,,11.3,,18,,0,,0,,0,,0,,0,,0,,,,<31,
Margaree,2008-07-05,-60.05,46.17,SYDNEY A,8205700,2008,7,5,,26.2,,11.5,,18.9,,0,,0.9,,0,,0,,0,,0,,,,<31,
Margaree,2008-07-06,-60.05,46.17,SYDNEY A,8205700,2008,7,6,,27.5,,15.6,,21.6,,0,,3.6,,0,T,0,,0,T,0,,,,<31,
Margaree,2008-07-07,-60.05,46.17,SYDNEY A,8205700,2008,7,7,,27.5,,15.3,,21.4,,0,,3.4,,0,,0,,0,,0,,,,<31,
Margaree,2008-07-08,-60.05,46.17,SYDNEY A,8205700,2008,7,8,,30.6,,16.2,,23.4,,0,,5.4,,0,,0,,0,,0,,,,<31,
Margaree,2008-07-09,-60.05,46.17,SYDNEY A,8205700,2008,7,9,,29.1,,15.1,,22.1,,0,,4.1,,0,,0,,0,,0,,,,<31,
Margaree,2008-07-10,-60.05,46.17,SYDNEY A,8205700,2008,7,10,,26.9,,17,,22,,0,,4,,0,T,0,,0,T,0,,22,E,56,E
Margaree,2008-07-11,-60.05,46.17,SYDNEY A,8205700,2008,7,11,,26.5,,13.3,,19.9,,0,,1.9,,0,,0,,0,,0,,28,E,35,E
Margaree,2008-07-12,-60.05,46.17,SYDNEY A,8205700,2008,7,12,,23.5,,9.1,,16.3,,1.7,,0,,0,,0,,0,,0,,,,<31,
Margaree,2008-07-13,-60.05,46.17,SYDNEY A,8205700,2008,7,13,,25.6,,7.8,,16.7,,1.3,,0,,0,,0,,0,,0,,16,,39,
Margaree,2008-07-14,-60.05,46.17,SYDNEY A,8205700,2008,7,14,,24.4,,14.5,,19.5,,0,,1.5,,1,,0,,1,,0,,19,,50,
Margaree,2008-07-15,-60.05,46.17,SYDNEY A,8205700,2008,7,15,,28.1,,17.5,,22.8,,0,,4.8,,4.2,,0,,4.2,,0,,22,,35,
Margaree,2008-07-16,-60.05,46.17,SYDNEY A,8205700,2008,7,16,,28.6,,18.7,,23.7,,0,,5.7,,0,,0,,0,,0,,,,<31,
Margaree,2008-07-17,-60.05,46.17,SYDNEY A,8205700,2008,7,17,,26.5,,17.1,,21.8,,0,,3.8,,0,,0,,0,,0,,,,<31,
Margaree,2008-07-18,-60.05,46.17,SYDNEY A,8205700,2008,7,18,,26.4,,17.4,,21.9,,0,,3.9,,0,T,0,,0,T,0,,,,<31,
Margaree,2008-07-19,-60.05,46.17,SYDNEY A,8205700,2008,7,19,,20.1,,12.5,,16.3,,1.7,,0,,7.2,,0,,7.2,,0,,,,<31,
Margaree,2008-07-20,-60.05,46.17,SYDNEY A,8205700,2008,7,20,,24.5,,11.6,,18.1,,0,,0.1,,0,,0,,0,,0,,,,<31,
Margaree,2008-07-21,-60.05,46.17,SYDNEY A,8205700,2008,7,21,,19.8,,16.2,,18,,0,,0,,17.8,,0,,17.8,,0,,,,<31,
Margaree,2008-07-22,-60.05,46.17,SYDNEY A,8205700,2008,7,22,,17.7,,16.4,,17.1,,0.9,,0,,5.2,,0,,5.2,,0,,,,<31,
Margaree,2008-07-23,-60.05,46.17,SYDNEY A,8205700,2008,7,23,,17.9,,15.9,,16.9,,1.1,,0,,5,,0,,5,,0,,,,<31,
Margaree,2008-07-24,-60.05,46.17,SYDNEY A,8205700,2008,7,24,,23.1,,16.2,,19.7,,0,,1.7,,0,,0,,0,,0,,,,<31,
Margaree,2008-07-25,-60.05,46.17,SYDNEY A,8205700,2008,7,25,,28.3,,18.3,,23.3,,0,,5.3,,0,T,0,,0,T,0,,,,<31,
Margaree,2008-07-26,-60.05,46.17,SYDNEY A,8205700,2008,7,26,,23.5,,19.4,,21.5,,0,,3.5,,3.4,,0,,3.4,,0,,21,E,37,E
Margaree,2008-07-27,-60.05,46.17,SYDNEY A,8205700,2008,7,27,,26.5,,16,,21.3,,0,,3.3,,0.4,,0,,0.4,,0,,,,<31,
Margaree,2008-07-28,-60.05,46.17,SYDNEY A,8205700,2008,7,28,,24.2,,14.9,,19.6,,0,,1.6,,9.6,,0,,9.6,,0,,,,<31,
Margaree,2008-07-29,-60.05,46.17,SYDNEY A,8205700,2008,7,29,,26.5,,16.8,,21.7,,0,,3.7,,0,,0,,0,,0,,,,<31,
Margaree,2008-07-30,-60.05,46.17,SYDNEY A,8205700,2008,7,30,,23.9,,15.8,,19.9,,0,,1.9,,10.2,,0,,10.2,,0,,,,<31,
Margaree,2008-07-31,-60.05,46.17,SYDNEY A,8205700,2008,7,31,,22.5,,14.6,,18.6,,0,,0.6,,0.8,,0,,0.8,,0,,,,<31,
Margaree,2008-08-01,-60.05,46.17,SYDNEY A,8205700,2008,8,1,,20.1,,16,,18.1,,0,,0.1,,0,T,0,,0,T,0,,9,E,32,E
Margaree,2008-08-02,-60.05,46.17,SYDNEY A,8205700,2008,8,2,,17.8,,15.8,,16.8,,1.2,,0,,0.6,,0,,0.6,,0,,,,<31,
Margaree,2008-08-03,-60.05,46.17,SYDNEY A,8205700,2008,8,3,,17.7,,15.1,,16.4,,1.6,,0,,8.4,,0,,8.4,,0,,11,E,37,E
Margaree,2008-08-04,-60.05,46.17,SYDNEY A,8205700,2008,8,4,,16.2,,14.2,,15.2,,2.8,,0,,60.8,,0,,60.8,,0,,10,E,46,E
Margaree,2008-08-05,-60.05,46.17,SYDNEY A,8205700,2008,8,5,,14.5,,13.1,,13.8,,4.2,,0,,14.6,,0,,14.6,,0,,2,E,41,E
Margaree,2008-08-06,-60.05,46.17,SYDNEY A,8205700,2008,8,6,,15.9,,13.2,,14.6,,3.4,,0,,4.4,,0,,4.4,,0,,2,E,32,E
Margaree,2008-08-07,-60.05,46.17,SYDNEY A,8205700,2008,8,7,,18.6,,12.2,,15.4,,2.6,,0,,0.4,,0,,0.4,,0,,,,<31,
Margaree,2008-08-08,-60.05,46.17,SYDNEY A,8205700,2008,8,8,,18.7,,10.2,,14.5,,3.5,,0,,0,T,0,,0,T,0,,,,<31,
Margaree,2008-08-09,-60.05,46.17,SYDNEY A,8205700,2008,8,9,,17.1,,15,,16.1,,1.9,,0,,2,,0,,2,,0,,,,<31,
Margaree,2008-08-10,-60.05,46.17,SYDNEY A,8205700,2008,8,10,,18.9,,15,,17,,1,,0,,0.4,,0,,0.4,,0,,,,<31,
Margaree,2008-08-11,-60.05,46.17,SYDNEY A,8205700,2008,8,11,,20.7,,14.5,,17.6,,0.4,,0,,0,T,0,,0,T,0,,,,<31,
Margaree,2008-08-12,-60.05,46.17,SYDNEY A,8205700,2008,8,12,,17.6,,14.5,,16.1,,1.9,,0,,10.8,,0,,10.8,,0,,,,<31,
Margaree,2008-08-13,-60.05,46.17,SYDNEY A,8205700,2008,8,13,,22.8,,13.5,,18.2,,0,,0.2,,0,,0,,0,,0,,29,E,33,E
Margaree,2008-08-14,-60.05,46.17,SYDNEY A,8205700,2008,8,14,,22.3,,13.7,,18,,0,,0,,26.8,,0,,26.8,,0,,36,E,59,E
Margaree,2008-08-15,-60.05,46.17,SYDNEY A,8205700,2008,8,15,,21.7,,13.2,,17.5,,0.5,,0,,15.2,,0,,15.2,,0,,36,E,52,E
Margaree,2008-08-16,-60.05,46.17,SYDNEY A,8205700,2008,8,16,,24.6,,13.1,,18.9,,0,,0.9,,0.2,,0,,0.2,,0,,20,E,33,E
Margaree,2008-08-17,-60.05,46.17,SYDNEY A,8205700,2008,8,17,,24.2,,14.6,,19.4,,0,,1.4,,10.2,,0,,10.2,,0,,24,E,33,E
Margaree,2008-08-18,-60.05,46.17,SYDNEY A,8205700,2008,8,18,,24.4,,12.6,,18.5,,0,,0.5,,0,,0,,0,,0,,,,<31,
Margaree,2008-08-19,-60.05,46.17,SYDNEY A,8205700,2008,8,19,,25.4,,16.9,,21.2,,0,,3.2,,0,,0,,0,,0,,20,E,46,E
Margaree,2008-08-20,-60.05,46.17,SYDNEY A,8205700,2008,8,20,,19,,11.3,,15.2,,2.8,,0,,0,T,0,,0,T,0,,27,E,48,E
Margaree,2008-08-21,-60.05,46.17,SYDNEY A,8205700,2008,8,21,,20.7,,11.7,,16.2,,1.8,,0,,1.4,,0,,1.4,,0,,29,E,46,E
Margaree,2008-08-22,-60.05,46.17,SYDNEY A,8205700,2008,8,22,,26.6,,12.1,,19.4,,0,,1.4,,0,,0,,0,,0,,,,<31,
Margaree,2008-08-23,-60.05,46.17,SYDNEY A,8205700,2008,8,23,,28,,14.3,,21.2,,0,,3.2,,0,,0,,0,,0,,,,<31,
Margaree,2008-08-24,-60.05,46.17,SYDNEY A,8205700,2008,8,24,,26.7,,14.2,,20.5,,0,,2.5,,0,,0,,0,,0,,,,<31,
Margaree,2008-08-25,-60.05,46.17,SYDNEY A,8205700,2008,8,25,,22.2,,17.9,,20.1,,0,,2.1,,12.2,,0,,12.2,,0,,18,E,33,E
Margaree,2008-08-26,-60.05,46.17,SYDNEY A,8205700,2008,8,26,,20.8,,16.4,,18.6,,0,,0.6,,1.6,,0,,1.6,,0,,,,<31,
Margaree,2008-08-27,-60.05,46.17,SYDNEY A,8205700,2008,8,27,,18.5,,16.3,,17.4,,0.6,,0,,33.8,,0,,33.8,,0,,3,E,33,E
Margaree,2008-08-28,-60.05,46.17,SYDNEY A,8205700,2008,8,28,,18.2,,13.5,,15.9,,2.1,,0,,14.4,,0,,14.4,,0,,7,E,57,E
Margaree,2008-08-29,-60.05,46.17,SYDNEY A,8205700,2008,8,29,,17.4,,14,,15.7,,2.3,,0,,10.4,,0,,10.4,,0,,7,E,39,E
Margaree,2008-08-30,-60.05,46.17,SYDNEY A,8205700,2008,8,30,,19.8,,15.3,,17.6,,0.4,,0,,0.6,,0,,0.6,,0,,,,<31,
Margaree,2008-08-31,-60.05,46.17,SYDNEY A,8205700,2008,8,31,,21.2,,14.1,,17.7,,0.3,,0,,23,,0,,23,,0,,,,<31,
Margaree,2008-09-01,-60.05,46.17,SYDNEY A,8205700,2008,9,1,,18.8,,11.2,,15,,3,,0,,0.2,,0,,0.2,,0,,,,<31,
Margaree,2008-09-02,-60.05,46.17,SYDNEY A,8205700,2008,9,2,,18.6,,14.1,,16.4,,1.6,,0,,0.4,,0,,0.4,,0,,,,<31,
Margaree,2008-09-03,-60.05,46.17,SYDNEY A,8205700,2008,9,3,,19,,15.8,,17.4,,0.6,,0,,7,,0,,7,,0,,,,<31,
Margaree,2008-09-04,-60.05,46.17,SYDNEY A,8205700,2008,9,4,,21.5,,15.1,,18.3,,0,,0.3,,5.8,,0,,5.8,,0,,,,<31,
Margaree,2008-09-05,-60.05,46.17,SYDNEY A,8205700,2008,9,5,,20.5,,13.3,,16.9,,1.1,,0,,0,,0,,0,,0,,,,<31,
Margaree,2008-09-06,-60.05,46.17,SYDNEY A,8205700,2008,9,6,,26.4,,14.2,,20.3,,0,,2.3,,0,,0,,0,,0,,22,E,39,E
Margaree,2008-09-07,-60.05,46.17,SYDNEY A,8205700,2008,9,7,,21.5,,17.1,,19.3,,0,,1.3,,11.4,,0,,11.4,,0,,17,E,46,E
Margaree,2008-09-08,-60.05,46.17,SYDNEY A,8205700,2008,9,8,,20.6,,11.1,,15.9,,2.1,,0,,0,,0,,0,,0,,27,E,44,E
Margaree,2008-09-09,-60.05,46.17,SYDNEY A,8205700,2008,9,9,,23.5,,12,,17.8,,0.2,,0,,1.2,,0,,1.2,,0,,20,E,41,E
Margaree,2008-09-10,-60.05,46.17,SYDNEY A,8205700,2008,9,10,,17.5,,10.7,,14.1,,3.9,,0,,10.4,,0,,10.4,,0,,20,E,41,E
Margaree,2008-09-11,-60.05,46.17,SYDNEY A,8205700,2008,9,11,,18.7,,6.8,,12.8,,5.2,,0,,0,,0,,0,,0,,,,<31,
Margaree,2008-09-12,-60.05,46.17,SYDNEY A,8205700,2008,9,12,,19.3,,7.8,,13.6,,4.4,,0,,0,,0,,0,,0,,,,<31,
Margaree,2008-09-13,-60.05,46.17,SYDNEY A,8205700,2008,9,13,,19.3,,10.9,,15.1,,2.9,,0,,0,,0,,0,,0,,,,<31,
Margaree,2008-09-14,-60.05,46.17,SYDNEY A,8205700,2008,9,14,,19.3,,12.5,,15.9,,2.1,,0,,0,,0,,0,,0,,17,E,35,E
Margaree,2008-09-15,-60.05,46.17,SYDNEY A,8205700,2008,9,15,,19.8,,13.8,,16.8,,1.2,,0,,0.2,,0,,0.2,,0,,20,E,54,E
Margaree,2008-09-16,-60.05,46.17,SYDNEY A,8205700,2008,9,16,,15.9,,9.5,,12.7,,5.3,,0,,0,,0,,0,,0,,34,E,39,E
Margaree,2008-09-17,-60.05,46.17,SYDNEY A,8205700,2008,9,17,,18.8,,9,,13.9,,4.1,,0,,0,,0,,0,,0,,,,<31,
Margaree,2008-09-18,-60.05,46.17,SYDNEY A,8205700,2008,9,18,,18.4,,7.9,,13.2,,4.8,,0,,0,T,0,,0,T,0,,33,E,33,E
Margaree,2008-09-19,-60.05,46.17,SYDNEY A,8205700,2008,9,19,,13.2,,3.8,,8.5,,9.5,,0,,0,,0,,0,,0,,,,<31,
Margaree,2008-09-20,-60.05,46.17,SYDNEY A,8205700,2008,9,20,,16.6,,3.9,,10.3,,7.7,,0,,0,,0,,0,,0,,18,E,41,E
Margaree,2008-09-21,-60.05,46.17,SYDNEY A,8205700,2008,9,21,,18.5,,7.5,,13,,5,,0,,0,T,0,,0,T,0,,33,E,33,E
Margaree,2008-09-22,-60.05,46.17,SYDNEY A,8205700,2008,9,22,,14,,4.8,,9.4,,8.6,,0,,0,,0,,0,,0,,35,,32,
Margaree,2008-09-23,-60.05,46.17,SYDNEY A,8205700,2008,9,23,,11.6,,2.5,,7.1,,10.9,,0,,0.6,,0,,0.6,,0,,,,<31,
Margaree,2008-09-24,-60.05,46.17,SYDNEY A,8205700,2008,9,24,,11.5,,2,,6.8,,11.2,,0,,2.4,,0,,2.4,,0,,33,E,32,E
Margaree,2008-09-25,-60.05,46.17,SYDNEY A,8205700,2008,9,25,,15.1,,1.7,,8.4,,9.6,,0,,0,,0,,0,,0,,21,E,33,E
Margaree,2008-09-26,-60.05,46.17,SYDNEY A,8205700,2008,9,26,,19.9,,9.1,,14.5,,3.5,,0,,0,,0,,0,,0,,23,E,32,E
Margaree,2008-09-27,-60.05,46.17,SYDNEY A,8205700,2008,9,27,,19.5,,8.8,,14.2,,3.8,,0,,0,,0,,0,,0,,,,<31,
Margaree,2008-09-28,-60.05,46.17,SYDNEY A,8205700,2008,9,28,,20.7,,14.2,,17.5,,0.5,,0,,0.2,,0,,0.2,,0,,14,E,39,E
Margaree,2008-09-29,-60.05,46.17,SYDNEY A,8205700,2008,9,29,,17.2,,13.7,,15.5,,2.5,,0,,1.8,,0,,1.8,,0,,15,E,59,E
Margaree,2008-09-30,-60.05,46.17,SYDNEY A,8205700,2008,9,30,,14.8,,11.5,,13.2,,4.8,,0,,19,,0,,19,,0,,,,<31,
Margaree,2008-10-01,-60.05,46.17,SYDNEY A,8205700,2008,10,1,,14.3,,6.2,,10.3,,7.7,,0,,0,T,0,,0,T,0,,,,<31,
Margaree,2008-10-02,-60.05,46.17,SYDNEY A,8205700,2008,10,2,,16,,4.8,,10.4,,7.6,,0,,6,,0,,6,,0,,15,E,50,E
Margaree,2008-10-03,-60.05,46.17,SYDNEY A,8205700,2008,10,3,,17.1,,8.2,,12.7,,5.3,,0,,2.6,,0,,2.6,,0,,24,E,74,E
Margaree,2008-10-04,-60.05,46.17,SYDNEY A,8205700,2008,10,4,,13.5,,7.5,,10.5,,7.5,,0,,0,,0,,0,,0,,25,E,50,E
Margaree,2008-10-05,-60.05,46.17,SYDNEY A,8205700,2008,10,5,,13.8,,4.9,,9.4,,8.6,,0,,0,T,0,,0,T,0,,,,<31,
Margaree,2008-10-06,-60.05,46.17,SYDNEY A,8205700,2008,10,6,,11.3,,2.3,,6.8,,11.2,,0,,1.4,,0,,1.4,,0,,,,<31,
Margaree,2008-10-07,-60.05,46.17,SYDNEY A,8205700,2008,10,7,,8.9,,3.8,,6.4,,11.6,,0,,2.6,,0,,2.6,,0,,33,E,41,E
Margaree,2008-10-08,-60.05,46.17,SYDNEY A,8205700,2008,10,8,,9.7,,-0.3,,4.7,,13.3,,0,,0.2,,0,,0.2,,0,,32,E,56,E
Margaree,2008-10-09,-60.05,46.17,SYDNEY A,8205700,2008,10,9,,16.6,,2.5,,9.6,,8.4,,0,,3.8,,0,,3.8,,0,,23,E,39,E
Margaree,2008-10-10,-60.05,46.17,SYDNEY A,8205700,2008,10,10,,16.1,,7.9,,12,,6,,0,,0.8,,0,,0.8,,0,,28,E,41,E
Margaree,2008-10-11,-60.05,46.17,SYDNEY A,8205700,2008,10,11,,13.8,,0.8,,7.3,,10.7,,0,,0,,0,,0,,0,,,,<31,
Margaree,2008-10-12,-60.05,46.17,SYDNEY A,8205700,2008,10,12,,12.8,,0.3,,6.6,,11.4,,0,,0,,0,,0,,0,,,,<31,
Margaree,2008-10-13,-60.05,46.17,SYDNEY A,8205700,2008,10,13,,11.6,,4.9,,8.3,,9.7,,0,,0.2,,0,,0.2,,0,,,,<31,
Margaree,2008-10-14,-60.05,46.17,SYDNEY A,8205700,2008,10,14,,13.4,,3,,8.2,,9.8,,0,,0,T,0,,0,T,0,,,,<31,
Margaree,2008-10-15,-60.05,46.17,SYDNEY A,8205700,2008,10,15,,14.5,,5.6,,10.1,,7.9,,0,,0,,0,,0,,0,,21,E,35,E
Margaree,2008-10-16,-60.05,46.17,SYDNEY A,8205700,2008,10,16,,15.3,,8,,11.7,,6.3,,0,,1.8,,0,,1.8,,0,,,,<31,
Margaree,2008-10-17,-60.05,46.17,SYDNEY A,8205700,2008,10,17,,12.7,,5.1,,8.9,,9.1,,0,,6.2,,0,,6.2,,0,,31,E,37,E
Margaree,2008-10-18,-60.05,46.17,SYDNEY A,8205700,2008,10,18,,9.5,,1,,5.3,,12.7,,0,,0,,0,,0,,0,,31,E,33,E
Margaree,2008-10-19,-60.05,46.17,SYDNEY A,8205700,2008,10,19,,8.1,,0.3,,4.2,,13.8,,0,,0,,0,,0,,0,,,,<31,
Margaree,2008-10-20,-60.05,46.17,SYDNEY A,8205700,2008,10,20,,9.6,,4.4,,7,,11,,0,,27.2,,0,,27.2,,0,,3,E,44,E
Margaree,2008-10-21,-60.05,46.17,SYDNEY A,8205700,2008,10,21,,9.3,,6.3,,7.8,,10.2,,0,,6.4,,0,,6.4,,0,,35,E,59,E
Margaree,2008-10-22,-60.05,46.17,SYDNEY A,8205700,2008,10,22,,6.4,,4,,5.2,,12.8,,0,,5.4,,0,,5.4,,0,,2,E,54,E
Margaree,2008-10-23,-60.05,46.17,SYDNEY A,8205700,2008,10,23,,5.7,,0,,2.9,,15.1,,0,,1.6,,0,,1.6,,0,,1,E,50,E
Margaree,2008-10-24,-60.05,46.17,SYDNEY A,8205700,2008,10,24,,10.8,,-0.1,,5.4,,12.6,,0,,0,,0,,0,,0,,32,E,41,E
Margaree,2008-10-25,-60.05,46.17,SYDNEY A,8205700,2008,10,25,,14.3,,0.7,,7.5,,10.5,,0,,0,,0,,0,,0,,,,<31,
Margaree,2008-10-26,-60.05,46.17,SYDNEY A,8205700,2008,10,26,,12.5,,1.3,,6.9,,11.1,,0,,0,,0,,0,,0,,14,E,41,E
Margaree,2008-10-27,-60.05,46.17,SYDNEY A,8205700,2008,10,27,,14.8,,8.5,,11.7,,6.3,,0,,0,T,0,,0,T,0,,15,E,39,E
Margaree,2008-10-28,-60.05,46.17,SYDNEY A,8205700,2008,10,28,,16,,8.4,,12.2,,5.8,,0,,14.6,,0,,14.6,,0,,14,E,52,E
Margaree,2008-10-29,-60.05,46.17,SYDNEY A,8205700,2008,10,29,,15.5,,8.1,,11.8,,6.2,,0,,16,,0,,16,,0,,18,E,50,E
Margaree,2008-10-30,-60.05,46.17,SYDNEY A,8205700,2008,10,30,,9.7,,2.7,,6.2,,11.8,,0,,5,,0,,5,,0,,22,E,41,E
Margaree,2008-10-31,-60.05,46.17,SYDNEY A,8205700,2008,10,31,,5.4,,2.5,,4,,14,,0,,37,,0,,37,,0,,35,E,48,E
Margaree,2008-11-01,-60.05,46.17,SYDNEY A,8205700,2008,11,1,,7.9,,1.4,,4.7,,13.3,,0,,0,T,0,T,0,T,0,,29,E,44,E
Margaree,2008-11-02,-60.05,46.17,SYDNEY A,8205700,2008,11,2,,4.3,,-1,,1.7,,16.3,,0,,0,,0,T,0,T,0,,32,E,46,E
Margaree,2008-11-03,-60.05,46.17,SYDNEY A,8205700,2008,11,3,,5.3,,-0.7,,2.3,,15.7,,0,,0,,0,,0,,0,,25,E,39,E
Margaree,2008-11-04,-60.05,46.17,SYDNEY A,8205700,2008,11,4,,10.1,,1.2,,5.7,,12.3,,0,,0,,0,,0,,0,,,,<31,
Margaree,2008-11-05,-60.05,46.17,SYDNEY A,8205700,2008,11,5,,13.8,,7.3,,10.6,,7.4,,0,,0,,0,,0,,0,,,,<31,
Margaree,2008-11-06,-60.05,46.17,SYDNEY A,8205700,2008,11,6,,18.9,,9.3,,14.1,,3.9,,0,,0,,0,,0,,0,,23,E,39,E
Margaree,2008-11-07,-60.05,46.17,SYDNEY A,8205700,2008,11,7,,15.9,,12,,14,,4,,0,,6.6,,0,,6.6,,0,,18,E,32,E
Margaree,2008-11-08,-60.05,46.17,SYDNEY A,8205700,2008,11,8,,17.3,,11.4,,14.4,,3.6,,0,,1.6,,0,,1.6,,0,,,,<31,
Margaree,2008-11-09,-60.05,46.17,SYDNEY A,8205700,2008,11,9,,14.9,,10.4,,12.7,,5.3,,0,,1,,0,,1,,0,,21,E,35,E
Margaree,2008-11-10,-60.05,46.17,SYDNEY A,8205700,2008,11,10,,12.1,,5.4,,8.8,,9.2,,0,,2,,0,,2,,0,,,,<31,
Margaree,2008-11-11,-60.05,46.17,SYDNEY A,8205700,2008,11,11,,8.1,,2.6,,5.4,,12.6,,0,,3.4,,0,,3.4,,0,,24,E,54,E
Margaree,2008-11-12,-60.05,46.17,SYDNEY A,8205700,2008,11,12,,7.8,,1.5,,4.7,,13.3,,0,,0,,0,,0,,0,,31,E,35,E
Margaree,2008-11-13,-60.05,46.17,SYDNEY A,8205700,2008,11,13,,4.9,,-3.4,,0.8,,17.2,,0,,0,,0,,0,,0,,,,<31,
Margaree,2008-11-14,-60.05,46.17,SYDNEY A,8205700,2008,11,14,,8,,-2.4,,2.8,,15.2,,0,,0,,0,,0,,0,,,,<31,
Margaree,2008-11-15,-60.05,46.17,SYDNEY A,8205700,2008,11,15,,13.7,,7.2,,10.5,,7.5,,0,,28.8,,0,,28.8,,0,,14,E,44,E
Margaree,2008-11-16,-60.05,46.17,SYDNEY A,8205700,2008,11,16,,16.5,,8.1,,12.3,,5.7,,0,,5.2,,0,,5.2,,0,,17,E,91,E
Margaree,2008-11-17,-60.05,46.17,SYDNEY A,8205700,2008,11,17,,9.6,,-0.6,,4.5,,13.5,,0,,0,,0,,0,,0,,24,E,44,E
Margaree,2008-11-18,-60.05,46.17,SYDNEY A,8205700,2008,11,18,,6,,-2.1,,2,,16,,0,,23.6,,0,,23.6,,0,,5,E,33,E
Margaree,2008-11-19,-60.05,46.17,SYDNEY A,8205700,2008,11,19,,11.3,,4.8,,8.1,,9.9,,0,,46.8,,0,,46.8,,0,,7,E,46,E
Margaree,2008-11-20,-60.05,46.17,SYDNEY A,8205700,2008,11,20,,10,,-3.3,,3.4,,14.6,,0,,0,T,0,T,0,T,0,,25,E,41,E
Margaree,2008-11-21,-60.05,46.17,SYDNEY A,8205700,2008,11,21,,0.6,,-5.8,,-2.6,,20.6,,0,,0,,0,T,0,T,0,,24,E,52,E
Margaree,2008-11-22,-60.05,46.17,SYDNEY A,8205700,2008,11,22,,11.9,,-2.6,,4.7,,13.3,,0,,33.8,,0,T,33.8,,0,,15,E,82,E
Margaree,2008-11-23,-60.05,46.17,SYDNEY A,8205700,2008,11,23,,0.1,,-6.9,,-3.4,,21.4,,0,,0,,0,T,0,T,0,,22,E,50,E
Margaree,2008-11-24,-60.05,46.17,SYDNEY A,8205700,2008,11,24,,-0.9,,-7.8,,-4.4,,22.4,,0,,0,,0,T,0,T,0,,,,<31,
Margaree,2008-11-25,-60.05,46.17,SYDNEY A,8205700,2008,11,25,,2.1,,-7.6,,-2.8,,20.8,,0,,0,,0,,0,,0,,,,<31,
Margaree,2008-11-26,-60.05,46.17,SYDNEY A,8205700,2008,11,26,,9.3,,1.8,,5.6,,12.4,,0,,38,,0,,38,,0,,9,E,56,E
Margaree,2008-11-27,-60.05,46.17,SYDNEY A,8205700,2008,11,27,,9.7,,4.3,,7,,11,,0,,2.4,,0,,2.4,,0,,15,E,33,E
Margaree,2008-11-28,-60.05,46.17,SYDNEY A,8205700,2008,11,28,,8.4,,-0.8,,3.8,,14.2,,0,,0,,0,,0,,0,,,,<31,
Margaree,2008-11-29,-60.05,46.17,SYDNEY A,8205700,2008,11,29,,8.4,,2.1,,5.3,,12.7,,0,,2.2,,0,,2.2,,0,,26,E,37,E
Margaree,2008-11-30,-60.05,46.17,SYDNEY A,8205700,2008,11,30,,4.8,,-2.8,,1,,17,,0,,0,,0,,0,,0,,,,<31,
Margaree,2008-12-01,-60.05,46.17,SYDNEY A,8205700,2008,12,1,,14,,-1,,6.5,,11.5,,0,,24.4,,0,,24.4,,0,,15,E,59,E
Margaree,2008-12-02,-60.05,46.17,SYDNEY A,8205700,2008,12,2,,11.9,,3.5,,7.7,,10.3,,0,,0.2,,0,,0.2,,0,,22,E,35,E
Margaree,2008-12-03,-60.05,46.17,SYDNEY A,8205700,2008,12,3,,4.3,,-2,,1.2,,16.8,,0,,0.2,,0,,0.2,,0,,,,<31,
Margaree,2008-12-04,-60.05,46.17,SYDNEY A,8205700,2008,12,4,,8.5,,-3.7,,2.4,,15.6,,0,,0,,0,,0,,0,,21,E,44,E
Margaree,2008-12-05,-60.05,46.17,SYDNEY A,8205700,2008,12,5,,8.3,,-2.5,,2.9,,15.1,,0,,4.2,,0,,4.2,,0,,,,<31,
Margaree,2008-12-06,-60.05,46.17,SYDNEY A,8205700,2008,12,6,,-0.8,,-6.6,,-3.7,,21.7,,0,,0,,0,T,0,T,0,,,,<31,
Margaree,2008-12-07,-60.05,46.17,SYDNEY A,8205700,2008,12,7,,11.3,,-4,,3.7,,14.3,,0,,15,,0,,15,,0,,18,E,82,E
Margaree,2008-12-08,-60.05,46.17,SYDNEY A,8205700,2008,12,8,,2.1,,-6,,-2,,20,,0,,0,,5.8,,5.8,,0,,28,E,54,E
Margaree,2008-12-09,-60.05,46.17,SYDNEY A,8205700,2008,12,9,,3.6,,-6.2,,-1.3,,19.3,,0,,2.2,,2,,4.2,,4,,,,<31,
Margaree,2008-12-10,-60.05,46.17,SYDNEY A,8205700,2008,12,10,,12.7,,3.3,,8,,10,,0,,24,,0,,24,,0,,21,E,78,E
Margaree,2008-12-11,-60.05,46.17,SYDNEY A,8205700,2008,12,11,,3.5,,-1.6,,1,,17,,0,,19,,0.2,,19.2,,0,,35,E,35,E
Margaree,2008-12-12,-60.05,46.17,SYDNEY A,8205700,2008,12,12,,15.4,,0,,7.7,,10.3,,0,,9,,0,,9,,0,,18,E,93,E
Margaree,2008-12-13,-60.05,46.17,SYDNEY A,8205700,2008,12,13,,14.2,,-3.7,,5.3,,12.7,,0,,17.2,,0,T,17.2,,0,,20,E,44,E
Margaree,2008-12-14,-60.05,46.17,SYDNEY A,8205700,2008,12,14,,-0.3,,-6.7,,-3.5,,21.5,,0,,0,,0,T,0,T,0,,32,E,39,E
Margaree,2008-12-15,-60.05,46.17,SYDNEY A,8205700,2008,12,15,,11.2,,-1,,5.1,,12.9,,0,,0,T,0,,0,T,0,,20,E,63,E
Margaree,2008-12-16,-60.05,46.17,SYDNEY A,8205700,2008,12,16,,11.6,,-4.6,,3.5,,14.5,,0,,2,,0.2,,2.2,,0,,21,E,69,E
Margaree,2008-12-17,-60.05,46.17,SYDNEY A,8205700,2008,12,17,,-0.1,,-5.8,,-3,,21,,0,,0,,12.6,,12.6,,0,,7,E,33,E
Margaree,2008-12-18,-60.05,46.17,SYDNEY A,8205700,2008,12,18,,-0.1,,-9,,-4.6,,22.6,,0,,0,,2,,2,,14,,,,<31,
Margaree,2008-12-19,-60.05,46.17,SYDNEY A,8205700,2008,12,19,,-5.4,,-13,,-9.2,,27.2,,0,,0,,0.6,,0.6,,13,,28,E,50,E
Margaree,2008-12-20,-60.05,46.17,SYDNEY A,8205700,2008,12,20,,-5.4,,-8.4,,-6.9,,24.9,,0,,0,,3.2,,3.2,,14,,33,E,33,E
Margaree,2008-12-21,-60.05,46.17,SYDNEY A,8205700,2008,12,21,,-2.8,,-13.1,,-8,,26,,0,,0,,3.2,,3.2,,17,,10,E,56,E
Margaree,2008-12-22,-60.05,46.17,SYDNEY A,8205700,2008,12,22,,1.5,,-6.7,,-2.6,,20.6,,0,,2,,19.4,,21.4,,34,,22,E,91,E
Margaree,2008-12-23,-60.05,46.17,SYDNEY A,8205700,2008,12,23,,-5.1,,-11.6,,-8.4,,26.4,,0,,0,,3,,3,,36,,28,E,56,E
Margaree,2008-12-24,-60.05,46.17,SYDNEY A,8205700,2008,12,24,,2.3,,-12.2,,-5,,23,,0,,0,T,2.8,,2.8,,36,,,,<31,
Margaree,2008-12-25,-60.05,46.17,SYDNEY A,8205700,2008,12,25,,9.2,,-5.1,,2.1,,15.9,,0,,28.4,,2.4,,30.8,,10,,24,E,69,E
Margaree,2008-12-26,-60.05,46.17,SYDNEY A,8205700,2008,12,26,,-5,,-8.6,,-6.8,,24.8,,0,,0,,0.2,,0.2,,4,,31,E,48,E
Margaree,2008-12-27,-60.05,46.17,SYDNEY A,8205700,2008,12,27,,-3,,-10.4,,-6.7,,24.7,,0,,0,,0,T,0,T,4,,,,<31,
Margaree,2008-12-28,-60.05,46.17,SYDNEY A,8205700,2008,12,28,,6.2,,-3.1,,1.6,,16.4,,0,,5,,2.2,,7.2,,2,,15,E,46,E
Margaree,2008-12-29,-60.05,46.17,SYDNEY A,8205700,2008,12,29,,7.3,,-1.3,,3,,15,,0,,0,,0,T,0,T,1,,27,E,44,E
Margaree,2008-12-30,-60.05,46.17,SYDNEY A,8205700,2008,12,30,,-1.3,,-4,,-2.7,,20.7,,0,,0,,0.4,,0.4,,1,,,,<31,
Margaree,2008-12-31,-60.05,46.17,SYDNEY A,8205700,2008,12,31,,-2,,-3.9,,-3,,21,,0,,0,,0,T,0,T,1,,31,E,35,E
